Model,Algorithm...2,R_squared,RMSE,MAE,MAPE,Algorithm...7,Approach
XGBoost_grid_1_AutoML_2_20230507_122424_model_8,xgboost,0.919411801637213,16331.689704490344,6039.5303106744295,22.45220610473937,XGBoost,Without retrofit
XGBoost_grid_1_AutoML_4_20230507_142453_model_8,xgboost,0.9155646136644322,16716.973112902153,6336.279319988965,23.555382937336997,XGBoost,Without stand alone
XGBoost_grid_1_AutoML_3_20230507_132440_model_8,xgboost,0.9129627612284867,16972.583302368177,5412.162266926305,20.11993920695356,XGBoost,Without social indicators
XGBoost_grid_1_AutoML_1_20230507_112409_model_8,xgboost,0.9122838303834101,17038.65172382588,6023.553135593985,22.392810289266166,XGBoost,All predictors
StackedEnsemble_BestOfFamily_4_AutoML_2_20230507_122424,stackedensemble,0.9091526976179312,17340.09268417903,6423.264209528576,23.878752896171306,StackedEnsemble,Without retrofit
GBM_grid_1_AutoML_2_20230507_122424_model_47,gbm,0.9045697740550807,17772.084626193508,6375.847934640662,23.702480914454313,GBM,Without retrofit
GBM_grid_1_AutoML_1_20230507_112409_model_47,gbm,0.9039739101813645,17827.482504440566,6377.434011810932,23.708377222559925,GBM,All predictors
StackedEnsemble_BestOfFamily_4_AutoML_4_20230507_142453,stackedensemble,0.9033210722831639,17887.98034434655,6709.8397956738545,24.94410960335567,StackedEnsemble,Without stand alone
XGBoost_grid_1_AutoML_3_20230507_132440_model_13,xgboost,0.9018779399902048,18020.993300579194,7199.075324758754,26.762863110290013,XGBoost,Without social indicators
GBM_grid_1_AutoML_3_20230507_132440_model_47,gbm,0.9011403570756981,18088.598339025306,5858.485557305282,21.77916467473918,GBM,Without social indicators
StackedEnsemble_BestOfFamily_4_AutoML_3_20230507_132440,stackedensemble,0.8988421128027271,18297.648122832576,5853.379695747453,21.76018342120759,StackedEnsemble,Without social indicators
StackedEnsemble_BestOfFamily_4_AutoML_1_20230507_112409,stackedensemble,0.8981811533432005,18357.328652230302,6456.936477899822,24.003930959794747,StackedEnsemble,All predictors
StackedEnsemble_AllModels_4_AutoML_4_20230507_142453,stackedensemble,0.8948862407093147,18651.99029343596,6635.492434762781,24.667720184865864,StackedEnsemble,Without stand alone
GBM_5_AutoML_2_20230507_122424,gbm,0.8943812188912783,18696.74359194085,7135.520546102729,26.52659556696729,GBM,Without retrofit
StackedEnsemble_AllModels_3_AutoML_4_20230507_142453,stackedensemble,0.8943358124780268,18700.762104717454,6636.712826744804,24.672257043015335,StackedEnsemble,Without stand alone
DRF_1_AutoML_3_20230507_132440,drf,0.8936322090079756,18762.921715469736,6456.6750465617815,24.002959077879765,DRF,Without social indicators
GBM_grid_1_AutoML_4_20230507_142453_model_40,gbm,0.8911339034784435,18981.989208090676,7381.8478466450715,27.442327591894106,GBM,Without stand alone
GBM_grid_1_AutoML_1_20230507_112409_model_21,gbm,0.8911026635510544,18984.712523468323,6524.786721472505,24.256167073298172,GBM,All predictors
GBM_grid_1_AutoML_3_20230507_132440_model_40,gbm,0.8896325365751403,19112.43085234595,7054.864363553827,26.226752840620048,GBM,Without social indicators
XGBoost_grid_1_AutoML_3_20230507_132440_model_10,xgboost,0.8894481483132411,19128.389528544252,6755.055823681685,25.112202075426747,XGBoost,Without social indicators
GBM_5_AutoML_1_20230507_112409,gbm,0.8892885242644551,19142.194134982623,7168.094779006468,26.647691637892855,GBM,All predictors
GBM_5_AutoML_3_20230507_132440,gbm,0.8886497039398243,19197.341234156254,7136.786664717037,26.53130241578155,GBM,Without social indicators
StackedEnsemble_AllModels_3_AutoML_1_20230507_112409,stackedensemble,0.8882734319913456,19229.749450559506,6385.607285125235,23.738761707373047,StackedEnsemble,All predictors
StackedEnsemble_BestOfFamily_3_AutoML_2_20230507_122424,stackedensemble,0.8879324024810488,19259.075131566813,7273.891967278809,27.04099710275561,StackedEnsemble,Without retrofit
StackedEnsemble_AllModels_4_AutoML_1_20230507_112409,stackedensemble,0.8878938261588583,19262.38956133982,6390.37310031007,23.756478824314726,StackedEnsemble,All predictors
StackedEnsemble_AllModels_3_AutoML_3_20230507_132440,stackedensemble,0.8876871086556111,19280.14076559122,5897.978755620064,21.925982288475076,StackedEnsemble,Without social indicators
StackedEnsemble_AllModels_4_AutoML_3_20230507_132440,stackedensemble,0.8876871086556111,19280.14076559122,5897.978755620064,21.925982288475076,StackedEnsemble,Without social indicators
XGBoost_grid_1_AutoML_1_20230507_112409_model_3,xgboost,0.8873217723876046,19311.472947699727,7271.249309398603,27.0311729117443,XGBoost,All predictors
XGBoost_grid_1_AutoML_1_20230507_112409_model_13,xgboost,0.8871991353200556,19321.979229205688,7555.376367819436,28.087427114877105,XGBoost,All predictors
GBM_5_AutoML_4_20230507_142453,gbm,0.8870260044862897,19336.80157907203,7449.958820121049,27.69553297969955,GBM,Without stand alone
GBM_grid_1_AutoML_4_20230507_142453_model_47,gbm,0.8866545089720469,19368.568355351697,6840.011596665855,25.428028708742385,GBM,Without stand alone
GBM_grid_1_AutoML_2_20230507_122424_model_12,gbm,0.8863062698527955,19398.299226725492,7276.720502234702,27.05151229955691,GBM,Without retrofit
XGBoost_grid_1_AutoML_2_20230507_122424_model_3,xgboost,0.8857762806037864,19443.459749844027,7112.9822420248065,26.442808480492303,XGBoost,Without retrofit
GBM_grid_1_AutoML_2_20230507_122424_model_40,gbm,0.8846957070242624,19535.212290451906,7096.514443270717,26.381588751026797,GBM,Without retrofit
StackedEnsemble_AllModels_3_AutoML_2_20230507_122424,stackedensemble,0.882342598833928,19733.5409949951,6451.89101010357,23.9851742225935,StackedEnsemble,Without retrofit
StackedEnsemble_AllModels_4_AutoML_2_20230507_122424,stackedensemble,0.882342598833928,19733.5409949951,6451.89101010357,23.9851742225935,StackedEnsemble,Without retrofit
XGBoost_grid_1_AutoML_4_20230507_142453_model_2,xgboost,0.8816510460657419,19791.44976494004,6903.097048474482,25.662551509913612,XGBoost,Without stand alone
GBM_grid_1_AutoML_4_20230507_142453_model_12,gbm,0.8797491265747716,19949.844563059174,7604.95871610821,28.271751564904118,GBM,Without stand alone
StackedEnsemble_BestOfFamily_3_AutoML_3_20230507_132440,stackedensemble,0.879128921201442,20001.225013441257,7132.7850365649765,26.516426196042115,StackedEnsemble,Without social indicators
XGBoost_grid_1_AutoML_1_20230507_112409_model_2,xgboost,0.879065848387925,20006.442841468594,6923.4832931215415,25.738338225597186,XGBoost,All predictors
GBM_grid_1_AutoML_1_20230507_112409_model_12,gbm,0.8784221798553373,20059.614042199788,7404.2081614753,27.525452995909017,GBM,All predictors
StackedEnsemble_BestOfFamily_3_AutoML_4_20230507_142453,stackedensemble,0.8775195732213985,20133.938700057668,7511.606661346329,27.924711403501135,StackedEnsemble,Without stand alone
GBM_grid_1_AutoML_1_20230507_112409_model_17,gbm,0.8764556827815941,20221.19341938921,7649.021736973051,28.435557684778423,GBM,All predictors
XRT_1_AutoML_3_20230507_132440,drf,0.8742285017108162,20402.64691673597,6737.952732544871,25.048620620002442,DRF,Without social indicators
GBM_grid_1_AutoML_1_20230507_112409_model_2,gbm,0.8737494865817926,20441.46289965584,7716.085431814519,28.684869770531968,GBM,All predictors
DeepLearning_grid_1_AutoML_2_20230507_122424_model_1,deeplearning,0.8733663107618379,20472.459764422478,8341.97545007294,31.011642046846266,DeepLearning,Without retrofit
GBM_grid_1_AutoML_2_20230507_122424_model_17,gbm,0.8731546255968237,20489.563848118825,7747.625699604186,28.80212203297374,GBM,Without retrofit
XGBoost_grid_1_AutoML_4_20230507_142453_model_13,xgboost,0.8727056797335146,20525.79134188804,7722.351779622342,28.708165180152907,XGBoost,Without stand alone
XGBoost_grid_1_AutoML_2_20230507_122424_model_13,xgboost,0.8725751895888586,20536.30920086669,7511.718626410224,27.925127638301156,XGBoost,Without retrofit
DeepLearning_grid_1_AutoML_3_20230507_132440_model_1,deeplearning,0.8718447790280837,20595.083089594216,8147.479665998504,30.288595848564253,DeepLearning,Without social indicators
DeepLearning_grid_1_AutoML_1_20230507_112409_model_1,deeplearning,0.8716085332202752,20614.057196773865,8431.021657893429,31.342675042458108,DeepLearning,All predictors
GBM_grid_1_AutoML_2_20230507_122424_model_13,gbm,0.8714245952587178,20628.81810999884,6707.648625894592,24.935963838211066,GBM,Without retrofit
StackedEnsemble_AllModels_2_AutoML_2_20230507_122424,stackedensemble,0.8712754351792616,20640.780367739742,7111.567485117286,26.43754906261677,StackedEnsemble,Without retrofit
DRF_1_AutoML_4_20230507_142453,drf,0.86906585542518,20817.177924154188,7033.632192864829,26.147821359554733,DRF,Without stand alone
DeepLearning_grid_1_AutoML_1_20230507_112409_model_3,deeplearning,0.8682427915016488,20882.504757850988,8387.724591765025,31.181716391298213,DeepLearning,All predictors
GBM_grid_1_AutoML_3_20230507_132440_model_21,gbm,0.8677048261259077,20925.09301852743,6432.96278653575,23.91480776115027,GBM,Without social indicators
StackedEnsemble_AllModels_2_AutoML_3_20230507_132440,stackedensemble,0.8675433578086098,20937.858825237203,7003.509245380115,26.035838044525473,StackedEnsemble,Without social indicators
GBM_grid_1_AutoML_1_20230507_112409_model_40,gbm,0.8671839083742953,20966.249256931376,7186.952816570486,26.717797179936404,GBM,All predictors
GBM_grid_1_AutoML_3_20230507_132440_model_17,gbm,0.866763776320023,20999.38394071608,7822.835479655476,29.081717530626793,GBM,Without social indicators
GBM_grid_1_AutoML_3_20230507_132440_model_8,gbm,0.8667389776867851,21001.338108197608,6080.222384020846,22.60348058646325,GBM,Without social indicators
DeepLearning_grid_1_AutoML_4_20230507_142453_model_1,deeplearning,0.8662159731810439,21042.50933156792,8472.905436412115,31.498379737918402,DeepLearning,Without stand alone
XRT_1_AutoML_1_20230507_112409,drf,0.8661420677108647,21048.320719765128,6954.857271918022,25.854972301763556,DRF,All predictors
XGBoost_grid_1_AutoML_2_20230507_122424_model_2,xgboost,0.8657078141440824,21082.43489995091,6802.459303668715,25.28842649156547,XGBoost,Without retrofit
GBM_grid_1_AutoML_4_20230507_142453_model_37,gbm,0.8656987720025049,21083.14464769677,7354.179414480448,27.339469040053217,GBM,Without stand alone
DeepLearning_grid_1_AutoML_2_20230507_122424_model_3,deeplearning,0.865628741171663,21088.640791454265,8547.06419719664,31.774068027562947,DeepLearning,Without retrofit
GBM_grid_1_AutoML_4_20230507_142453_model_13,gbm,0.8654657361416592,21101.428171237647,7093.462965407099,26.370244754657264,GBM,Without stand alone
DRF_1_AutoML_1_20230507_112409,drf,0.865275575471842,21116.336064042018,6780.038555579317,25.20507642438626,DRF,All predictors
StackedEnsemble_AllModels_2_AutoML_4_20230507_142453,stackedensemble,0.8646439120667652,21165.78076883075,7348.245679533933,27.31741013263212,StackedEnsemble,Without stand alone
DRF_1_AutoML_2_20230507_122424,drf,0.8645377269724362,21174.081281400348,6789.021993097245,25.238472728453985,DRF,Without retrofit
XGBoost_grid_1_AutoML_4_20230507_142453_model_3,xgboost,0.8642235189381866,21198.623955860196,7527.4659653559,27.983669028346768,XGBoost,Without stand alone
XGBoost_3_AutoML_2_20230507_122424,xgboost,0.8638490844081934,21227.833845175446,7547.73958841163,28.059037068562176,XGBoost,Without retrofit
GBM_grid_1_AutoML_4_20230507_142453_model_17,gbm,0.8634916939745749,21255.676671610403,8026.453559688073,29.838676245026,GBM,Without stand alone
DeepLearning_grid_1_AutoML_1_20230507_112409_model_2,deeplearning,0.8633139906165782,21269.50724632363,9622.73280418589,35.772910987558554,DeepLearning,All predictors
StackedEnsemble_AllModels_1_AutoML_3_20230507_132440,stackedensemble,0.8624981562419297,21332.8882006182,6832.3377043978635,25.399500693820098,StackedEnsemble,Without social indicators
DeepLearning_grid_1_AutoML_2_20230507_122424_model_2,deeplearning,0.8621089696253087,21363.057279817873,9073.007583507904,33.729284526437745,DeepLearning,Without retrofit
GBM_grid_1_AutoML_2_20230507_122424_model_21,gbm,0.8618464046807504,21383.386819353982,6834.335667371672,25.406928204598263,GBM,Without retrofit
DeepLearning_grid_1_AutoML_3_20230507_132440_model_3,deeplearning,0.8618078501163275,21386.370345235235,8333.838315950688,30.98139191098855,DeepLearning,Without social indicators
GBM_grid_1_AutoML_3_20230507_132440_model_12,gbm,0.8605558758820587,21483.028564550536,7481.720487941968,27.813608306001857,GBM,Without social indicators
XGBoost_grid_1_AutoML_3_20230507_132440_model_1,xgboost,0.8604857073952141,21488.43303042172,7303.197488407597,27.149941601175865,XGBoost,Without social indicators
GBM_4_AutoML_2_20230507_122424,gbm,0.8602625117674965,21505.61480988901,7194.966444986826,26.74758817817553,GBM,Without retrofit
GBM_grid_1_AutoML_4_20230507_142453_model_21,gbm,0.8594405688769708,21568.770625273843,6903.140788501405,25.66271411529002,GBM,Without stand alone
XGBoost_3_AutoML_4_20230507_142453,xgboost,0.8586319162393564,21630.725305705455,7748.4822803736615,28.80530640774998,XGBoost,Without stand alone
XGBoost_grid_1_AutoML_3_20230507_132440_model_2,xgboost,0.8586275701976898,21631.057796987974,6266.33402541059,23.295358384243066,XGBoost,Without social indicators
StackedEnsemble_BestOfFamily_2_AutoML_3_20230507_132440,stackedensemble,0.8584900580664141,21641.575441367033,6954.441696418847,25.853427382493415,StackedEnsemble,Without social indicators
GBM_grid_1_AutoML_4_20230507_142453_model_23,gbm,0.8584153630586926,21647.28636302414,7292.333981391099,27.109556060246696,GBM,Without stand alone
GBM_grid_1_AutoML_1_20230507_112409_model_23,gbm,0.8578974961381773,21686.839317119186,6969.73393181338,25.910276906085244,GBM,All predictors
StackedEnsemble_BestOfFamily_2_AutoML_2_20230507_122424,stackedensemble,0.857223409989023,21738.215971109392,6969.529470175613,25.909516811409745,StackedEnsemble,Without retrofit
XGBoost_grid_1_AutoML_3_20230507_132440_model_20,xgboost,0.8571043288967757,21747.27933008259,7333.782552492548,27.263642853961752,XGBoost,Without social indicators
XRT_1_AutoML_4_20230507_142453,drf,0.8570611582754802,21750.564148490477,7404.529396778831,27.52664720156277,DRF,Without stand alone
GBM_grid_1_AutoML_4_20230507_142453_model_2,gbm,0.8569822648922782,21756.565802270507,8142.683211381312,30.270764828253473,GBM,Without stand alone
XGBoost_grid_1_AutoML_1_20230507_112409_model_25,xgboost,0.8569808319679534,21756.67479376814,8280.998228345285,30.78495667902818,XGBoost,All predictors
XRT_1_AutoML_2_20230507_122424,drf,0.8569064387803629,21762.33255974904,7001.28776712725,26.027579606364746,DRF,Without retrofit
DeepLearning_grid_1_AutoML_3_20230507_132440_model_2,deeplearning,0.8567923911906037,21771.003275664483,8654.216899978548,32.172412674213234,DeepLearning,Without social indicators
DeepLearning_grid_1_AutoML_4_20230507_142453_model_3,deeplearning,0.8558681934396815,21841.140450087776,9574.840482586558,35.594869282314995,DeepLearning,Without stand alone
XGBoost_grid_1_AutoML_2_20230507_122424_model_25,xgboost,0.8557841959591417,21847.503839260145,8093.5805349100765,30.088223578236402,XGBoost,Without retrofit
GBM_grid_1_AutoML_2_20230507_122424_model_37,gbm,0.8553860305901229,21877.642434504112,7187.661822509912,26.72043293912008,GBM,Without retrofit
StackedEnsemble_BestOfFamily_5_AutoML_3_20230507_132440,stackedensemble,0.854200170203062,21967.159583427547,5697.941590268438,21.18233577392004,StackedEnsemble,Without social indicators
DeepLearning_1_AutoML_3_20230507_132440,deeplearning,0.8538959270989702,21990.06727094713,8547.741777127289,31.77658695924684,DeepLearning,Without social indicators
GBM_grid_1_AutoML_1_20230507_112409_model_44,gbm,0.8538849915968472,21990.890204637617,7443.809817582536,27.672673806016917,GBM,All predictors
GBM_grid_1_AutoML_1_20230507_112409_model_37,gbm,0.8527869001521466,22073.369098277642,7050.950307339896,26.212202173217094,GBM,All predictors
GBM_grid_1_AutoML_1_20230507_112409_model_13,gbm,0.8519251732587109,22137.879190505602,6754.630784471187,25.11062197441462,GBM,All predictors
XGBoost_grid_1_AutoML_3_20230507_132440_model_3,xgboost,0.8519188615515161,22138.35100035165,7465.578887710527,27.75360123316441,XGBoost,Without social indicators
StackedEnsemble_AllModels_1_AutoML_2_20230507_122424,stackedensemble,0.8517343511810777,22152.13899445,7033.846030679748,26.148616310560293,StackedEnsemble,Without retrofit
GBM_grid_1_AutoML_4_20230507_142453_model_46,gbm,0.8516024226254026,22161.9924227261,8103.134678285947,30.12374150516031,GBM,Without stand alone
GBM_grid_1_AutoML_4_20230507_142453_model_8,gbm,0.8515642743907914,22164.84080669043,6973.6797114556775,25.924945506657735,GBM,Without stand alone
GBM_grid_1_AutoML_2_20230507_122424_model_8,gbm,0.8497672107665899,22298.60845629678,6771.983395529654,25.17513103056614,GBM,Without retrofit
XGBoost_grid_1_AutoML_1_20230507_112409_model_27,xgboost,0.8496182722980397,22309.658966282197,7305.845056562901,27.159784046339887,XGBoost,All predictors
XGBoost_grid_1_AutoML_4_20230507_142453_model_17,xgboost,0.8494422838205987,22322.70940447735,7721.14575645743,28.703681738681002,XGBoost,Without stand alone
StackedEnsemble_BestOfFamily_3_AutoML_1_20230507_112409,stackedensemble,0.8491661089203564,22343.173807155705,7200.308282236259,26.767446681193597,StackedEnsemble,All predictors
DeepLearning_1_AutoML_1_20230507_112409,deeplearning,0.848767371816969,22372.68697633258,8753.821217796465,32.54269588458429,DeepLearning,All predictors
GBM_grid_1_AutoML_2_20230507_122424_model_44,gbm,0.8481335588217849,22419.51970626087,7517.719863094714,27.94743748625164,GBM,Without retrofit
DeepLearning_grid_2_AutoML_2_20230507_122424_model_1,deeplearning,0.8479074865867728,22436.200633404944,8673.240527422595,32.24313380354983,DeepLearning,Without retrofit
GBM_grid_1_AutoML_2_20230507_122424_model_45,gbm,0.847709849554001,22450.773291977668,7460.118559512995,27.733302235099305,GBM,Without retrofit
GBM_4_AutoML_1_20230507_112409,gbm,0.8476409274131437,22455.853004362645,7205.593103253936,26.787093223989455,GBM,All predictors
GBM_grid_1_AutoML_2_20230507_122424_model_32,gbm,0.8471122104244915,22494.782450308172,7172.747789351542,26.664989398132665,GBM,Without retrofit
GBM_grid_1_AutoML_2_20230507_122424_model_23,gbm,0.846762710850628,22520.47916869772,7032.004066044412,26.141768730118958,GBM,Without retrofit
XGBoost_grid_1_AutoML_2_20230507_122424_model_17,xgboost,0.846224786160274,22559.97252221305,7395.719258879546,27.493895146063302,XGBoost,Without retrofit
DeepLearning_1_AutoML_2_20230507_122424,deeplearning,0.8460892952092944,22569.909101212823,8906.638581841415,33.11080081616415,DeepLearning,Without retrofit
XGBoost_grid_1_AutoML_1_20230507_112409_model_10,xgboost,0.8460855658657848,22570.182540393893,7600.766600682016,28.25616720076948,XGBoost,All predictors
XGBoost_grid_1_AutoML_1_20230507_112409_model_20,xgboost,0.844319048522702,22699.335044838503,7474.117104794873,27.785342411680546,XGBoost,All predictors
GBM_4_AutoML_3_20230507_132440,gbm,0.8439068680248211,22729.36453283272,7166.060712621327,26.640129911175602,GBM,Without social indicators
XGBoost_grid_1_AutoML_3_20230507_132440_model_25,xgboost,0.8435813004419166,22753.055804934367,8183.829781940219,30.423728922341876,XGBoost,Without social indicators
GBM_grid_1_AutoML_3_20230507_132440_model_35,gbm,0.8427378424249146,22814.31908617016,7126.887018876435,26.494500069018876,GBM,Without social indicators
GBM_2_AutoML_1_20230507_112409,gbm,0.842729444778708,22814.928209259648,7613.7953923682535,28.304602277867787,GBM,All predictors
StackedEnsemble_BestOfFamily_2_AutoML_4_20230507_142453,stackedensemble,0.8426569520505061,22820.185791777243,7278.959536286433,27.059836002132947,StackedEnsemble,Without stand alone
DeepLearning_grid_2_AutoML_2_20230507_122424_model_2,deeplearning,0.8426451375251823,22821.04253316347,12614.066981072276,46.89332069042899,DeepLearning,Without retrofit
StackedEnsemble_AllModels_1_AutoML_4_20230507_142453,stackedensemble,0.8412554438418018,22921.594063092543,7289.287574210413,27.098230914352683,StackedEnsemble,Without stand alone
XGBoost_grid_1_AutoML_4_20230507_142453_model_27,xgboost,0.8411242955709763,22931.0605508578,7754.334793868162,28.827063371031887,XGBoost,Without stand alone
DeepLearning_grid_2_AutoML_1_20230507_112409_model_1,deeplearning,0.8407851070294151,22955.525607020554,8918.65046791515,33.15545550418806,DeepLearning,All predictors
XGBoost_grid_1_AutoML_2_20230507_122424_model_20,xgboost,0.8407648777511949,22956.983884434336,7397.988332755803,27.502330522941293,XGBoost,Without retrofit
GBM_grid_1_AutoML_2_20230507_122424_model_35,gbm,0.8406519648005777,22965.1217920608,7112.142906550534,26.439688215821043,GBM,Without retrofit
XGBoost_grid_1_AutoML_1_20230507_112409_model_17,xgboost,0.8405360320780679,22973.474342532678,7356.155834079447,27.346816462436003,XGBoost,All predictors
GBM_grid_1_AutoML_4_20230507_142453_model_9,gbm,0.83966738291759,23035.961143676457,8169.520363012339,30.370533060001392,GBM,Without stand alone
GBM_grid_1_AutoML_1_20230507_112409_model_8,gbm,0.8391715664741866,23071.55212960653,6867.914023697597,25.53175714627202,GBM,All predictors
GBM_grid_1_AutoML_3_20230507_132440_model_13,gbm,0.8390753900552405,23078.449565523006,6418.51489563683,23.861097123475684,GBM,Without social indicators
XGBoost_grid_1_AutoML_4_20230507_142453_model_20,xgboost,0.8383661562387092,23129.249819277728,7704.076177127717,28.640224864798842,XGBoost,Without stand alone
StackedEnsemble_BestOfFamily_5_AutoML_2_20230507_122424,stackedensemble,0.8379418355665452,23159.589338459187,6300.2382354809315,23.4213987008174,StackedEnsemble,Without retrofit
XGBoost_2_AutoML_3_20230507_132440,xgboost,0.8379354518323076,23160.045480881807,7336.204915718454,27.27264809039751,XGBoost,Without social indicators
XGBoost_grid_1_AutoML_3_20230507_132440_model_7,xgboost,0.8377721636100388,23171.71000158457,7229.84753226778,26.877260076568888,XGBoost,Without social indicators
XGBoost_grid_1_AutoML_4_20230507_142453_model_7,xgboost,0.8377410565391723,23173.931474455858,7725.740720553151,28.720763709565166,XGBoost,Without stand alone
GBM_grid_1_AutoML_4_20230507_142453_model_35,gbm,0.8374226085996372,23196.66080231838,7437.82669615495,27.650431302290357,GBM,Without stand alone
DeepLearning_grid_1_AutoML_4_20230507_142453_model_2,deeplearning,0.8373853014023568,23199.322158710926,10277.06529994785,38.20541936158069,DeepLearning,Without stand alone
GBM_grid_1_AutoML_2_20230507_122424_model_46,gbm,0.8370131715905796,23225.851820680116,7876.929228823189,29.282813301790483,GBM,Without retrofit
StackedEnsemble_AllModels_1_AutoML_1_20230507_112409,stackedensemble,0.8368661890330162,23236.32207105805,7166.576708891923,26.642048148856468,StackedEnsemble,All predictors
StackedEnsemble_BestOfFamily_2_AutoML_1_20230507_112409,stackedensemble,0.8368661890330162,23236.32207105805,7166.576708891923,26.642048148856468,StackedEnsemble,All predictors
XGBoost_grid_1_AutoML_3_20230507_132440_model_6,xgboost,0.8367669808917506,23243.386461755425,7598.3726835193465,28.24726771376153,XGBoost,Without social indicators
XGBoost_grid_1_AutoML_1_20230507_112409_model_22,xgboost,0.8361068336049386,23290.339511653543,7560.0358529594405,28.104748945437414,XGBoost,All predictors
XGBoost_grid_1_AutoML_2_20230507_122424_model_31,xgboost,0.8357221808127459,23317.65439008274,7365.983507496773,27.383351248710007,XGBoost,Without retrofit
GBM_grid_1_AutoML_3_20230507_132440_model_37,gbm,0.8354453344271164,23337.293958418297,7043.819938812922,26.18569473049635,GBM,Without social indicators
GBM_grid_1_AutoML_1_20230507_112409_model_9,gbm,0.8349592419499572,23371.737581669684,7896.698505237486,29.35630641230785,GBM,All predictors
GBM_3_AutoML_1_20230507_112409,gbm,0.8348875460018852,23376.81353066881,7576.315837765998,28.16527046871098,GBM,All predictors
DeepLearning_grid_2_AutoML_4_20230507_142453_model_1,deeplearning,0.834624168454077,23395.450751361343,9424.169334074502,35.034742996591845,DeepLearning,Without stand alone
GBM_grid_1_AutoML_2_20230507_122424_model_5,gbm,0.834488352016853,23405.055645320837,6555.0924378310365,24.368829839247187,GBM,Without retrofit
DeepLearning_grid_2_AutoML_3_20230507_132440_model_1,deeplearning,0.8335853919611033,23468.81274249337,9385.84462483513,34.892269289782924,DeepLearning,Without social indicators
StackedEnsemble_BestOfFamily_5_AutoML_4_20230507_142453,stackedensemble,0.8329453617579861,23513.89993293888,6622.656651162299,24.62000262338521,StackedEnsemble,Without stand alone
StackedEnsemble_AllModels_2_AutoML_1_20230507_112409,stackedensemble,0.8321674188865003,23568.58630470382,7268.186778372409,27.01978782478137,StackedEnsemble,All predictors
XGBoost_grid_1_AutoML_3_20230507_132440_model_4,xgboost,0.8317943122378297,23594.769285330494,6828.883012083099,25.386657730892594,XGBoost,Without social indicators
GBM_grid_1_AutoML_2_20230507_122424_model_26,gbm,0.8311338897928409,23641.043730789555,7416.002853854989,27.569300257306605,GBM,Without retrofit
XGBoost_grid_1_AutoML_3_20230507_132440_model_24,xgboost,0.8302951921011381,23699.679328149537,6640.545295321001,24.686504404968403,XGBoost,Without social indicators
GBM_2_AutoML_4_20230507_142453,gbm,0.8302000735638222,23706.320162523865,8023.593001756654,29.828042001476096,GBM,Without stand alone
GBM_grid_1_AutoML_1_20230507_112409_model_35,gbm,0.8300840031821761,23714.42126014505,7177.0795890867375,26.681093044518406,GBM,All predictors
DeepLearning_1_AutoML_4_20230507_142453,deeplearning,0.8299919662932012,23720.84298064199,9692.706653729325,36.033041694927384,DeepLearning,Without stand alone
XGBoost_grid_1_AutoML_1_20230507_112409_model_19,xgboost,0.8293509437894158,23765.521127469412,6873.869859477358,25.5538982144635,XGBoost,All predictors
GBM_grid_1_AutoML_3_20230507_132440_model_2,gbm,0.8292738790497135,23770.886750384103,7783.249886620309,28.934556435660006,GBM,Without social indicators
XGBoost_grid_1_AutoML_2_20230507_122424_model_22,xgboost,0.8292279342629343,23774.085074252205,7534.508258075257,28.009849045575173,XGBoost,Without retrofit
GBM_3_AutoML_2_20230507_122424,gbm,0.8287187737074664,23809.500166984544,7517.1146889112815,27.94518772595626,GBM,Without retrofit
GBM_grid_1_AutoML_1_20230507_112409_model_15,gbm,0.8287066126830873,23810.345393221338,7505.924664166204,27.903588341737663,GBM,All predictors
GBM_grid_1_AutoML_3_20230507_132440_model_10,gbm,0.8284469906902079,23828.382717552468,7362.234007226896,27.369412324899944,GBM,Without social indicators
GBM_grid_1_AutoML_3_20230507_132440_model_5,gbm,0.828366572682603,23833.967016415878,6476.5073656284785,24.07668655208971,GBM,Without social indicators
GBM_grid_1_AutoML_2_20230507_122424_model_2,gbm,0.8280483485540865,23856.051965562547,7916.43313736222,29.42967073123222,GBM,Without retrofit
GBM_grid_1_AutoML_4_20230507_142453_model_5,gbm,0.8279305344096752,23864.22315516523,6787.740977275538,25.233710498649202,GBM,Without stand alone
XGBoost_grid_1_AutoML_1_20230507_112409_model_24,xgboost,0.8279067130341705,23865.874984980615,6952.470217024835,25.846098325528942,XGBoost,All predictors
XGBoost_grid_1_AutoML_4_20230507_142453_model_24,xgboost,0.8277592061483534,23876.100912216334,7367.125178240165,27.387595457367937,XGBoost,Without stand alone
GBM_grid_1_AutoML_3_20230507_132440_model_39,gbm,0.8277440756077812,23877.14959055821,6866.6219937284295,25.526953970914164,GBM,Without social indicators
GBM_grid_1_AutoML_3_20230507_132440_model_18,gbm,0.827662025903081,23882.83554836224,7590.835648239409,28.219248470406672,GBM,Without social indicators
GBM_grid_1_AutoML_4_20230507_142453_model_32,gbm,0.8276327278136296,23884.865547030957,7401.580595481328,27.515684909614922,GBM,Without stand alone
XGBoost_grid_1_AutoML_4_20230507_142453_model_5,xgboost,0.8273032026653273,23907.685731062455,8005.414194149979,29.76046152515957,XGBoost,Without stand alone
XGBoost_grid_1_AutoML_1_20230507_112409_model_1,xgboost,0.8272129070447509,23913.93505718322,7442.624131691759,27.668265969210776,XGBoost,All predictors
GBM_grid_1_AutoML_2_20230507_122424_model_15,gbm,0.8266497627959942,23952.873266533636,7370.313942144499,27.399449820326083,GBM,Without retrofit
XGBoost_grid_1_AutoML_2_20230507_122424_model_11,xgboost,0.826583377392033,23957.459268220908,7845.0026144742005,29.164124779882894,XGBoost,Without retrofit
StackedEnsemble_AllModels_5_AutoML_1_20230507_112409,stackedensemble,0.8263178577357568,23975.79298734218,6106.304583521422,22.70044225214391,StackedEnsemble,All predictors
GBM_2_AutoML_2_20230507_122424,gbm,0.8261278032843661,23988.907347410994,7673.687139041411,28.527252346847803,GBM,Without retrofit
XGBoost_grid_1_AutoML_3_20230507_132440_model_19,xgboost,0.8260826164762587,23992.02432572872,6650.44755943499,24.723316485271717,XGBoost,Without social indicators
GBM_grid_1_AutoML_4_20230507_142453_model_44,gbm,0.8250077611333703,24066.048651440895,7913.192002969566,29.41762167879706,GBM,Without stand alone
GBM_grid_1_AutoML_3_20230507_132440_model_44,gbm,0.8248201743466971,24078.944262025027,7531.764690533242,27.999649718682697,GBM,Without social indicators
XGBoost_grid_1_AutoML_1_20230507_112409_model_11,xgboost,0.824212802017559,24120.650633510773,7873.688491767202,29.270765726470984,XGBoost,All predictors
XGBoost_2_AutoML_4_20230507_142453,xgboost,0.8242040420792822,24121.25162374465,7649.693935342401,28.43805661028348,XGBoost,Without stand alone
XGBoost_grid_1_AutoML_4_20230507_142453_model_10,xgboost,0.8240477356422405,24131.972772389854,8064.316699727921,29.979434049063308,XGBoost,Without stand alone
XGBoost_grid_1_AutoML_1_20230507_112409_model_7,xgboost,0.8240162893673452,24134.129115047283,7495.4454036779,27.864631253320905,XGBoost,All predictors
GBM_grid_1_AutoML_3_20230507_132440_model_15,gbm,0.8239737996106478,24137.04242839107,7116.989641592271,26.45770615570948,GBM,Without social indicators
XGBoost_grid_1_AutoML_2_20230507_122424_model_7,xgboost,0.8237811017587894,24150.25035992043,7507.640774028219,27.909968051804228,XGBoost,Without retrofit
XGBoost_grid_1_AutoML_2_20230507_122424_model_4,xgboost,0.8233046647189612,24182.875428111067,7153.858271627668,26.59476682728043,XGBoost,Without retrofit
GBM_grid_1_AutoML_3_20230507_132440_model_9,gbm,0.8230569909010707,24199.81805901586,7874.565513828134,29.27402609260171,GBM,Without social indicators
XGBoost_2_AutoML_2_20230507_122424,xgboost,0.8227458050291999,24221.08856140545,7434.539980067551,27.638212798001767,XGBoost,Without retrofit
GBM_grid_1_AutoML_1_20230507_112409_model_42,gbm,0.8223223245244419,24250.004773340683,7901.328124008773,29.373517213395406,GBM,All predictors
XGBoost_3_AutoML_1_20230507_112409,xgboost,0.8221971247806619,24258.547095053545,7714.258050079761,28.67807640263243,XGBoost,All predictors
XGBoost_grid_1_AutoML_3_20230507_132440_model_9,xgboost,0.8220599206212416,24267.90501941094,7160.374886877921,26.618992616568278,XGBoost,Without social indicators
XGBoost_grid_1_AutoML_4_20230507_142453_model_4,xgboost,0.8215956550158491,24299.543237654823,7345.074423603425,27.3056208562977,XGBoost,Without stand alone
XGBoost_3_AutoML_3_20230507_132440,xgboost,0.8215672171596581,24301.479847945157,7687.123497177198,28.57720256923987,XGBoost,Without social indicators
XGBoost_grid_1_AutoML_1_20230507_112409_model_14,xgboost,0.8214494830103146,24309.495870029754,7688.32771277748,28.581679291014783,XGBoost,All predictors
XGBoost_grid_1_AutoML_2_20230507_122424_model_14,xgboost,0.8213233513235065,24318.080713289884,7881.811871099154,29.30096472832144,XGBoost,Without retrofit
GBM_grid_1_AutoML_1_20230507_112409_model_26,gbm,0.8211887426158531,24327.239182381607,7399.37512685501,27.50748598790936,GBM,All predictors
XGBoost_grid_1_AutoML_4_20230507_142453_model_25,xgboost,0.8211317829372413,24331.11355084421,8533.166760595032,31.72240372672231,XGBoost,Without stand alone
GBM_4_AutoML_4_20230507_142453,gbm,0.8205387662894739,24371.413656145734,7648.476123166938,28.433529342672614,GBM,Without stand alone
GBM_grid_1_AutoML_3_20230507_132440_model_32,gbm,0.8203968711946399,24381.046657874536,7018.934802798805,26.09318319830884,GBM,Without social indicators
GBM_grid_1_AutoML_1_20230507_112409_model_5,gbm,0.820088683266945,24401.955880588168,6576.078589495648,24.446846734317056,GBM,All predictors
GBM_grid_1_AutoML_4_20230507_142453_model_26,gbm,0.8200582545874173,24404.01936362974,7731.323410826954,28.74151759375792,GBM,Without stand alone
GBM_grid_1_AutoML_4_20230507_142453_model_45,gbm,0.8193270337349134,24453.553827818076,7616.8157638434295,28.315830634939477,GBM,Without stand alone
XGBoost_grid_1_AutoML_2_20230507_122424_model_6,xgboost,0.8191385207067847,24466.30784337511,7957.904190042093,29.58384110115376,XGBoost,Without retrofit
XGBoost_grid_1_AutoML_4_20230507_142453_model_12,xgboost,0.8187187612090925,24494.683186683033,8076.998652868167,30.026579739384985,XGBoost,Without stand alone
XGBoost_grid_1_AutoML_1_20230507_112409_model_4,xgboost,0.8186830344681106,24497.096762668618,7463.116811437389,27.744448361817376,XGBoost,All predictors
StackedEnsemble_AllModels_5_AutoML_2_20230507_122424,stackedensemble,0.8185915457599922,24503.276341848337,6171.8561468193575,22.944132925746768,StackedEnsemble,Without retrofit
XGBoost_grid_1_AutoML_4_20230507_142453_model_22,xgboost,0.8184007655414071,24516.157527626845,7854.809934339837,29.200583900978653,XGBoost,Without stand alone
XGBoost_grid_1_AutoML_1_20230507_112409_model_18,xgboost,0.8183852850964536,24517.20244651231,7880.333284837948,29.29546802215845,XGBoost,All predictors
GBM_grid_1_AutoML_3_20230507_132440_model_26,gbm,0.818133992535037,24534.158288726845,7303.177277579386,27.14986646657811,GBM,Without social indicators
XGBoost_grid_1_AutoML_2_20230507_122424_model_19,xgboost,0.8172744484646469,24592.067219237764,6978.217304760857,25.941814199232603,XGBoost,Without retrofit
GBM_grid_1_AutoML_3_20230507_132440_model_41,gbm,0.8171260208746787,24602.053234574334,6571.376592437739,24.429366863926898,GBM,Without social indicators
XGBoost_grid_1_AutoML_2_20230507_122424_model_5,xgboost,0.8170347509971164,24608.191741271145,7869.415359664362,29.25488017945813,XGBoost,Without retrofit
GBM_grid_1_AutoML_3_20230507_132440_model_43,gbm,0.8168947210136623,24617.60671389023,6798.733232085401,25.274574664875942,GBM,Without social indicators
GBM_grid_1_AutoML_1_20230507_112409_model_46,gbm,0.8168197308033651,24622.64723085222,7951.581027840762,29.560334481652724,GBM,All predictors
GBM_grid_1_AutoML_2_20230507_122424_model_43,gbm,0.8164545702535464,24647.177009676743,6879.016038811899,25.573029351013453,GBM,Without retrofit
GBM_grid_1_AutoML_3_20230507_132440_model_33,gbm,0.8160649527938866,24673.322797615845,7003.076252908393,26.03422837693266,GBM,Without social indicators
XGBoost_grid_1_AutoML_4_20230507_142453_model_19,xgboost,0.8159873131227466,24678.529599123172,7197.967854437004,26.75874604312754,XGBoost,Without stand alone
GBM_grid_1_AutoML_3_20230507_132440_model_46,gbm,0.815884694737554,24685.40987984434,7892.8350372396135,29.341943808710347,GBM,Without social indicators
XGBoost_grid_1_AutoML_2_20230507_122424_model_1,xgboost,0.8158637153082565,24686.81625683848,7846.608105408625,29.170093259467357,XGBoost,Without retrofit
StackedEnsemble_BestOfFamily_5_AutoML_1_20230507_112409,stackedensemble,0.8156301773339996,24702.466301609158,6546.413831314679,24.336566757155722,StackedEnsemble,All predictors
Current Method,Based on HEPI,0.8158060962723412,24720.968177578303,9277.911441129725,38.31883471563197,StackedEnsemble,All predictors
Current Method,Based on HEPI,0.8158060962723412,24720.968177578303,9277.911441129725,38.31883471563197,XGBoost,All predictors
Current Method,Based on HEPI,0.8158060962723412,24720.968177578303,9277.911441129725,38.31883471563197,GBM,All predictors
Current Method,Based on HEPI,0.8158060962723412,24720.968177578303,9277.911441129725,38.31883471563197,DeepLearning,All predictors
Current Method,Based on HEPI,0.8158060962723412,24720.968177578303,9277.911441129725,38.31883471563197,DRF,All predictors
Current Method,Based on HEPI,0.8158060962723412,24720.968177578303,9277.911441129725,38.31883471563197,GLM,All predictors
Current Method,Based on HEPI,0.8158060962723412,24720.968177578303,9277.911441129725,38.31883471563197,StackedEnsemble,Without retrofit
Current Method,Based on HEPI,0.8158060962723412,24720.968177578303,9277.911441129725,38.31883471563197,GBM,Without retrofit
Current Method,Based on HEPI,0.8158060962723412,24720.968177578303,9277.911441129725,38.31883471563197,XGBoost,Without retrofit
Current Method,Based on HEPI,0.8158060962723412,24720.968177578303,9277.911441129725,38.31883471563197,DeepLearning,Without retrofit
Current Method,Based on HEPI,0.8158060962723412,24720.968177578303,9277.911441129725,38.31883471563197,DRF,Without retrofit
Current Method,Based on HEPI,0.8158060962723412,24720.968177578303,9277.911441129725,38.31883471563197,GLM,Without retrofit
Current Method,Based on HEPI,0.8158060962723412,24720.968177578303,9277.911441129725,38.31883471563197,StackedEnsemble,Without social indicators
Current Method,Based on HEPI,0.8158060962723412,24720.968177578303,9277.911441129725,38.31883471563197,XGBoost,Without social indicators
Current Method,Based on HEPI,0.8158060962723412,24720.968177578303,9277.911441129725,38.31883471563197,GBM,Without social indicators
Current Method,Based on HEPI,0.8158060962723412,24720.968177578303,9277.911441129725,38.31883471563197,DRF,Without social indicators
Current Method,Based on HEPI,0.8158060962723412,24720.968177578303,9277.911441129725,38.31883471563197,DeepLearning,Without social indicators
Current Method,Based on HEPI,0.8158060962723412,24720.968177578303,9277.911441129725,38.31883471563197,GLM,Without social indicators
Current Method,Based on HEPI,0.8158060962723412,24720.968177578303,9277.911441129725,38.31883471563197,StackedEnsemble,Without stand alone
Current Method,Based on HEPI,0.8158060962723412,24720.968177578303,9277.911441129725,38.31883471563197,GBM,Without stand alone
Current Method,Based on HEPI,0.8158060962723412,24720.968177578303,9277.911441129725,38.31883471563197,XGBoost,Without stand alone
Current Method,Based on HEPI,0.8158060962723412,24720.968177578303,9277.911441129725,38.31883471563197,DeepLearning,Without stand alone
Current Method,Based on HEPI,0.8158060962723412,24720.968177578303,9277.911441129725,38.31883471563197,DRF,Without stand alone
Current Method,Based on HEPI,0.8158060962723412,24720.968177578303,9277.911441129725,38.31883471563197,GLM,Without stand alone
XGBoost_grid_1_AutoML_3_20230507_132440_model_21,xgboost,0.8153538876874237,24720.968463634166,7268.176933235116,27.019751225072408,XGBoost,Without social indicators
XGBoost_grid_1_AutoML_3_20230507_132440_model_18,xgboost,0.81350464961999025,24844.450798843336,7856.319532059039,29.206195893531593,XGBoost,Without social indicators
XGBoost_grid_1_AutoML_1_20230507_112409_model_21,xgboost,0.8134354521328021,24849.059530698592,7442.628164014501,27.668280959538933,XGBoost,All predictors
XGBoost_grid_1_AutoML_3_20230507_132440_model_15,xgboost,0.8132409221579696,24862.0111540619,7313.75160004208,27.189176951853888,XGBoost,Without social indicators
GBM_grid_1_AutoML_4_20230507_142453_model_15,gbm,0.8130939763549085,24871.790196354297,7490.426076085002,27.845971693417088,GBM,Without stand alone
GBM_grid_1_AutoML_3_20230507_132440_model_50,gbm,0.8126542102967373,24901.033081855498,7406.315130601125,27.533285741608754,GBM,Without social indicators
GBM_grid_1_AutoML_3_20230507_132440_model_42,gbm,0.8123242569876534,24922.95127889071,8023.433439327708,29.827448821484108,GBM,Without social indicators
XGBoost_grid_1_AutoML_3_20230507_132440_model_16,xgboost,0.8122889357483358,24925.29646238925,8100.221288591567,30.11291085732565,XGBoost,Without social indicators
XGBoost_grid_1_AutoML_1_20230507_112409_model_15,xgboost,0.8115210950873817,24976.223466154235,7461.321067391828,27.737772608348433,XGBoost,All predictors
GBM_grid_1_AutoML_3_20230507_132440_model_23,gbm,0.8114318343185722,24982.1369476122,7071.411564687327,26.288267751746382,GBM,Without social indicators
GBM_grid_1_AutoML_4_20230507_142453_model_43,gbm,0.810794113706479,25024.34496429045,7099.090284016435,26.391164546550772,GBM,Without stand alone
GBM_3_AutoML_4_20230507_142453,gbm,0.8105152698615978,25042.778099921434,7865.374237134951,29.23985713772184,GBM,Without stand alone
GBM_grid_1_AutoML_4_20230507_142453_model_22,gbm,0.810506081447177,25043.385274530727,8544.493599949832,31.76451172496511,GBM,Without stand alone
GBM_grid_1_AutoML_3_20230507_132440_model_49,gbm,0.8103270491782569,25055.212871982207,7209.874243402408,26.80300854124631,GBM,Without social indicators
GBM_3_AutoML_3_20230507_132440,gbm,0.810210374397971,25062.917876895717,7610.7904681347545,28.29343134656202,GBM,Without social indicators
XGBoost_grid_1_AutoML_1_20230507_112409_model_6,xgboost,0.8099746029588617,25078.4805983674,7964.851865690918,29.60966937547181,XGBoost,All predictors
GBM_grid_1_AutoML_2_20230507_122424_model_41,gbm,0.8096010889746892,25103.11563359057,7055.645778799419,26.229657784422784,GBM,Without retrofit
DeepLearning_grid_2_AutoML_3_20230507_132440_model_2,deeplearning,0.8085253647825914,25173.930098519206,11936.915726728257,44.37598262860264,DeepLearning,Without social indicators
XGBoost_grid_1_AutoML_4_20230507_142453_model_15,xgboost,0.8083928861214212,25182.637340316323,7744.357566873118,28.789972613088246,XGBoost,Without stand alone
XGBoost_grid_1_AutoML_4_20230507_142453_model_29,xgboost,0.8082205525565253,25193.95956681917,8526.309079938213,31.696910012544695,XGBoost,Without stand alone
GBM_grid_1_AutoML_4_20230507_142453_model_42,gbm,0.8072141520369228,25259.97820752395,8396.722938731291,31.215168121862675,GBM,Without stand alone
GBM_grid_1_AutoML_1_20230507_112409_model_28,gbm,0.8069524083418218,25277.12001923993,8014.166361821565,29.792998073917076,GBM,All predictors
XGBoost_grid_1_AutoML_2_20230507_122424_model_24,xgboost,0.8064527532737462,25309.810609378266,7028.24792812537,26.127805130570973,XGBoost,Without retrofit
GBM_grid_1_AutoML_3_20230507_132440_model_31,gbm,0.8063472615012947,25316.707150435126,7803.253161505418,29.008919445262997,GBM,Without social indicators
XGBoost_grid_1_AutoML_4_20230507_142453_model_11,xgboost,0.8060609877194151,25335.4128838658,8217.857616547513,30.550228818294155,XGBoost,Without stand alone
GBM_grid_1_AutoML_1_20230507_112409_model_32,gbm,0.8060407406021621,25336.735350350402,7118.700980874249,26.464068130945567,GBM,All predictors
GBM_grid_1_AutoML_2_20230507_122424_model_42,gbm,0.8059611060039963,25341.936116958543,8050.14020163612,29.92673232548093,GBM,Without retrofit
GBM_grid_1_AutoML_2_20230507_122424_model_10,gbm,0.8056111571048896,25364.777897632535,7721.505418397382,28.705018796960108,GBM,Without retrofit
XGBoost_grid_1_AutoML_2_20230507_122424_model_15,xgboost,0.8053643167057716,25380.877241228478,7456.345311239933,27.719275027095826,XGBoost,Without retrofit
XGBoost_grid_1_AutoML_4_20230507_142453_model_14,xgboost,0.8044961627898191,25437.4187539008,8174.7385026540105,30.389931711997733,XGBoost,Without stand alone
GBM_2_AutoML_3_20230507_132440,gbm,0.8044127950128578,25442.841754941925,7660.062806987301,28.47660332356571,GBM,Without social indicators
GBM_grid_1_AutoML_3_20230507_132440_model_28,gbm,0.8044109402242411,25442.962394176444,7951.968261169174,29.56177403771965,GBM,Without social indicators
GBM_grid_1_AutoML_3_20230507_132440_model_34,gbm,0.8037977112951956,25482.81674554269,8201.093413887209,30.48790719493124,GBM,Without social indicators
XGBoost_grid_1_AutoML_2_20230507_122424_model_12,xgboost,0.8036864211661925,25490.04291996134,7875.301755093062,29.27676310024513,XGBoost,Without retrofit
GBM_grid_1_AutoML_3_20230507_132440_model_1,gbm,0.8035886578256837,25496.389097304833,7314.43273747155,27.191709108688183,GBM,Without social indicators
GBM_grid_1_AutoML_1_20230507_112409_model_43,gbm,0.8029391897862171,25538.50841528837,6901.671965196094,25.657253703323214,GBM,All predictors
GBM_grid_1_AutoML_2_20230507_122424_model_9,gbm,0.8027264433203761,25552.290358455884,7996.4017091422475,29.726957235835645,GBM,Without retrofit
StackedEnsemble_BestOfFamily_1_AutoML_3_20230507_132440,stackedensemble,0.8021377528351806,25590.38767127511,7183.585007907574,26.7052772106124,StackedEnsemble,Without social indicators
XGBoost_grid_1_AutoML_3_20230507_132440_model_23,xgboost,0.8021224043517355,25591.3801951912,8119.634232876789,30.185079288274874,XGBoost,Without social indicators
StackedEnsemble_BestOfFamily_1_AutoML_2_20230507_122424,stackedensemble,0.80118196380216,25652.12139150978,7685.669115388225,28.57179584421304,StackedEnsemble,Without retrofit
GBM_grid_1_AutoML_3_20230507_132440_model_45,gbm,0.8009724519663455,25665.633766995026,7425.75497294647,27.60555416721958,GBM,Without social indicators
GBM_grid_1_AutoML_2_20230507_122424_model_3,gbm,0.8006291533270804,25687.75929946225,8266.303407409388,30.7303280686308,GBM,Without retrofit
XGBoost_grid_1_AutoML_1_20230507_112409_model_16,xgboost,0.8006057799587434,25689.265015753175,8069.369344208013,29.998217465886384,XGBoost,All predictors
GBM_grid_1_AutoML_4_20230507_142453_model_41,gbm,0.8005464542810213,25693.086389593802,7125.313232620745,26.488649452901413,GBM,Without stand alone
GBM_grid_1_AutoML_1_20230507_112409_model_34,gbm,0.8004883990102847,25696.82538193616,8333.353071471403,30.97958799437589,GBM,All predictors
GBM_grid_1_AutoML_1_20230507_112409_model_1,gbm,0.7997350804911156,25745.292879105826,7670.23165702035,28.514406448154165,GBM,All predictors
GBM_grid_1_AutoML_1_20230507_112409_model_10,gbm,0.7996898888100685,25748.197550171844,7810.948961812708,29.037528904236126,GBM,All predictors
XGBoost_1_AutoML_3_20230507_132440,xgboost,0.7994469343929995,25763.807702315866,7229.473564533476,26.875869835901945,XGBoost,Without social indicators
GBM_grid_1_AutoML_2_20230507_122424_model_22,gbm,0.7992935778476372,25773.656201791626,8289.371488232962,30.816084622278073,GBM,Without retrofit
XGBoost_grid_1_AutoML_2_20230507_122424_model_10,xgboost,0.7987899958713386,25805.969611246324,7898.114916258619,29.361571979419793,XGBoost,Without retrofit
GBM_grid_1_AutoML_1_20230507_112409_model_22,gbm,0.798585676145815,25819.068688477306,8099.43902632048,30.110002764670273,GBM,All predictors
XGBoost_grid_1_AutoML_3_20230507_132440_model_14,xgboost,0.7985788475403308,25819.506360278243,7624.656763883211,28.344979879980812,XGBoost,Without social indicators
GBM_grid_1_AutoML_2_20230507_122424_model_1,gbm,0.7984260893044555,25829.295289262504,7812.941099144771,29.04493475794786,GBM,Without retrofit
XGBoost_1_AutoML_2_20230507_122424,xgboost,0.7980849602151978,25851.141864724046,7959.13357169488,29.588411378779643,XGBoost,Without retrofit
XGBoost_grid_1_AutoML_4_20230507_142453_model_21,xgboost,0.7980835065229724,25851.234922517924,7779.549464765301,28.920799962906447,XGBoost,Without stand alone
XGBoost_grid_1_AutoML_1_20230507_112409_model_9,xgboost,0.7971976519913323,25907.880545612712,7296.891563062705,27.126499060408353,XGBoost,All predictors
XGBoost_grid_1_AutoML_2_20230507_122424_model_21,xgboost,0.7961627534919369,25973.900265252967,7491.484961331957,27.84990814353538,XGBoost,Without retrofit
GBM_grid_1_AutoML_3_20230507_132440_model_7,gbm,0.7954041329485353,26022.18887617897,8119.009599814985,30.182757188786663,GBM,Without social indicators
DeepLearning_grid_3_AutoML_4_20230507_142453_model_1,deeplearning,0.7952751608028743,26030.3894543303,9511.992426173667,35.36122900843963,DeepLearning,Without stand alone
GBM_grid_1_AutoML_4_20230507_142453_model_1,gbm,0.7951409716669768,26038.91900865461,7941.720129403197,29.523676179978697,GBM,Without stand alone
GBM_grid_1_AutoML_1_20230507_112409_model_33,gbm,0.7949324471766188,26052.16804955976,7126.180490043223,26.491873518580977,GBM,All predictors
XGBoost_grid_1_AutoML_2_20230507_122424_model_29,xgboost,0.794600690680406,26073.23301830761,8084.351982536187,30.053916049457097,XGBoost,Without retrofit
XGBoost_grid_1_AutoML_1_20230507_112409_model_26,xgboost,0.7939198220971064,26116.411736705195,7693.799890554823,28.6020223403876,XGBoost,All predictors
XGBoost_grid_1_AutoML_3_20230507_132440_model_5,xgboost,0.7934548266801279,26145.859423588576,7719.131413320237,28.69619333396151,XGBoost,Without social indicators
GBM_grid_1_AutoML_2_20230507_122424_model_34,gbm,0.7927923400751762,26187.756830920833,8294.163258295375,30.83389822756087,GBM,Without retrofit
GBM_grid_1_AutoML_4_20230507_142453_model_28,gbm,0.7921183860901871,26230.31079590124,8318.688984779375,30.925073639813373,GBM,Without stand alone
XGBoost_grid_1_AutoML_2_20230507_122424_model_28,xgboost,0.7917861645813651,26251.262130684983,7131.741874245148,26.51254819656191,XGBoost,Without retrofit
XGBoost_grid_1_AutoML_2_20230507_122424_model_30,xgboost,0.7915702729138548,26264.868240005137,7993.142029912972,29.71483924219602,XGBoost,Without retrofit
GBM_grid_1_AutoML_3_20230507_132440_model_22,gbm,0.7910360784267081,26298.504443504837,8241.37567364674,30.637658177534497,GBM,Without social indicators
XGBoost_grid_1_AutoML_3_20230507_132440_model_22,xgboost,0.7907364332519721,26317.353144635683,7591.9322351077235,28.223325077876567,XGBoost,Without social indicators
GBM_grid_1_AutoML_1_20230507_112409_model_45,gbm,0.790548668559388,26329.1573058801,7806.431995256287,29.02073689246102,GBM,All predictors
GBM_grid_1_AutoML_4_20230507_142453_model_10,gbm,0.7902142947534818,26350.1652164703,7988.296128261694,29.696824400471417,GBM,Without stand alone
XGBoost_grid_1_AutoML_2_20230507_122424_model_27,xgboost,0.7900845949029677,26358.30944253837,7621.029818458674,28.331496558925462,XGBoost,Without retrofit
GBM_grid_1_AutoML_2_20230507_122424_model_28,gbm,0.7899970475224465,26363.805371704628,8081.895226263343,30.04478295543329,GBM,Without retrofit
GBM_grid_1_AutoML_2_20230507_122424_model_33,gbm,0.7898225154684343,26374.758487868974,7550.249024965749,28.06836600373123,GBM,Without retrofit
GBM_grid_1_AutoML_3_20230507_132440_model_3,gbm,0.7891593017117519,26416.338406313465,8056.622392056807,29.95083013902749,GBM,Without social indicators
GBM_grid_1_AutoML_4_20230507_142453_model_33,gbm,0.7878676894001547,26497.12824735106,7822.35788410239,29.07994204921665,GBM,Without stand alone
GBM_grid_1_AutoML_4_20230507_142453_model_34,gbm,0.7874248062496417,26524.773760028078,8613.399034829783,32.02067055621181,GBM,Without stand alone
GBM_grid_1_AutoML_2_20230507_122424_model_7,gbm,0.7871463121045894,26542.14308761599,8237.84086931772,30.624517394848993,GBM,Without retrofit
StackedEnsemble_AllModels_5_AutoML_4_20230507_142453,stackedensemble,0.7871346688735569,26542.86901367609,6480.763077569262,24.092507338922754,StackedEnsemble,Without stand alone
GBM_grid_1_AutoML_1_20230507_112409_model_18,gbm,0.7867079742811264,26569.458662225687,8314.8662865313745,30.910862599463325,GBM,All predictors
GBM_grid_1_AutoML_4_20230507_142453_model_7,gbm,0.7863473249935463,26591.911937581022,8606.703176567378,31.995778423542166,GBM,Without stand alone
StackedEnsemble_BestOfFamily_1_AutoML_4_20230507_142453,stackedensemble,0.7857964846509675,26626.169567897006,8019.8491962136195,29.81412424805085,StackedEnsemble,Without stand alone
XGBoost_grid_1_AutoML_4_20230507_142453_model_26,xgboost,0.7840374553066739,26735.272474326983,7877.13750471537,29.283587576116027,XGBoost,Without stand alone
XGBoost_grid_1_AutoML_2_20230507_122424_model_18,xgboost,0.7838348495823355,26747.81041099007,8063.419628150543,29.976099148018037,XGBoost,Without retrofit
XGBoost_grid_1_AutoML_4_20230507_142453_model_1,xgboost,0.7835562385986387,26765.04222204523,8106.526496297282,30.136350730239563,XGBoost,Without stand alone
XGBoost_grid_1_AutoML_1_20230507_112409_model_5,xgboost,0.7823024069550516,26842.453546720364,8202.257001309075,30.492232879756507,XGBoost,All predictors
GBM_grid_1_AutoML_1_20230507_112409_model_3,gbm,0.78158419693454,26886.695296229613,8133.035899261693,30.234900542634506,GBM,All predictors
GBM_grid_1_AutoML_4_20230507_142453_model_18,gbm,0.7809857804356046,26923.50224067466,8621.870790057437,32.05216466000064,GBM,Without stand alone
XGBoost_grid_1_AutoML_1_20230507_112409_model_23,xgboost,0.7802995336773222,26965.64953996398,8155.456574384422,30.31825033855708,XGBoost,All predictors
XGBoost_1_AutoML_4_20230507_142453,xgboost,0.7787407567625492,27061.141231720998,8253.7310235883,30.68358970682805,XGBoost,Without stand alone
XGBoost_grid_1_AutoML_2_20230507_122424_model_26,xgboost,0.7757833977435267,27241.391019181792,7659.646402575513,28.47505532277832,XGBoost,Without retrofit
XGBoost_grid_1_AutoML_4_20230507_142453_model_18,xgboost,0.7750543002304228,27285.64623970127,8422.17936132593,31.309803435766803,XGBoost,Without stand alone
GBM_grid_1_AutoML_1_20230507_112409_model_24,gbm,0.774658902080692,27309.61637395073,8340.540097958085,31.006306065427538,GBM,All predictors
XGBoost_grid_1_AutoML_4_20230507_142453_model_6,xgboost,0.7746368153840432,27310.954710451846,8340.04845787893,31.004478372905314,XGBoost,Without stand alone
GBM_grid_1_AutoML_2_20230507_122424_model_18,gbm,0.7745923045527603,27313.6516311606,8705.107947966766,32.361602270016434,GBM,Without retrofit
GBM_grid_1_AutoML_1_20230507_112409_model_41,gbm,0.773754950716827,27364.337544015623,8035.49307882578,29.872281034856897,GBM,All predictors
GBM_grid_1_AutoML_4_20230507_142453_model_3,gbm,0.7733431270758928,27389.23125456543,8596.50528670751,31.957867342184976,GBM,Without stand alone
XGBoost_grid_1_AutoML_3_20230507_132440_model_11,xgboost,0.7729885675190284,27410.645383249746,7981.778705853836,29.672595610541467,XGBoost,Without social indicators
XGBoost_grid_1_AutoML_1_20230507_112409_model_30,xgboost,0.7728935773995832,27416.379605821297,7971.89557120987,29.635854644841697,XGBoost,All predictors
XGBoost_grid_1_AutoML_2_20230507_122424_model_16,xgboost,0.771262023062012,27514.684315424067,8077.928575856148,30.030036766920855,XGBoost,Without retrofit
XGBoost_grid_1_AutoML_1_20230507_112409_model_12,xgboost,0.7705825764704921,27555.519021821296,7904.136462282598,29.383957328187826,XGBoost,All predictors
XGBoost_2_AutoML_1_20230507_112409,xgboost,0.769459485621828,27622.88436890211,7992.8440023391895,29.713731312246633,XGBoost,All predictors
DeepLearning_grid_3_AutoML_1_20230507_112409_model_1,deeplearning,0.769405794885546,27626.100737756886,9116.164168358835,33.889720932582975,DeepLearning,All predictors
XGBoost_grid_1_AutoML_3_20230507_132440_model_17,xgboost,0.7689619034576985,27652.677930878792,7319.871678773809,27.21192860007712,XGBoost,Without social indicators
XGBoost_grid_1_AutoML_1_20230507_112409_model_29,xgboost,0.7680430156989848,27707.613659635703,8262.917196238428,30.717739687214753,XGBoost,All predictors
GBM_grid_1_AutoML_3_20230507_132440_model_38,gbm,0.7660192138725941,27828.224251260763,8002.754556643072,29.750574211677023,GBM,Without social indicators
XGBoost_grid_1_AutoML_4_20230507_142453_model_28,xgboost,0.7654262374557457,27863.464407722415,7462.307790024009,27.741440790933225,XGBoost,Without stand alone
GBM_grid_1_AutoML_3_20230507_132440_model_25,gbm,0.7647034705648256,27906.357739661737,7234.556229619549,26.894764855581244,GBM,Without social indicators
GBM_grid_1_AutoML_1_20230507_112409_model_7,gbm,0.7638426978225471,27957.355311774158,8165.433234823698,30.35533899030599,GBM,All predictors
GBM_grid_1_AutoML_3_20230507_132440_model_4,gbm,0.7636090639450299,27971.181203599877,7488.9975551761745,27.840661107291997,GBM,Without social indicators
XGBoost_grid_1_AutoML_4_20230507_142453_model_9,xgboost,0.7630010014336817,28007.132885074712,7774.006792194422,28.900194846195216,XGBoost,Without stand alone
XGBoost_grid_1_AutoML_2_20230507_122424_model_9,xgboost,0.7629819685715353,28008.257457754004,7571.481640756695,28.147299139481625,XGBoost,Without retrofit
StackedEnsemble_AllModels_5_AutoML_3_20230507_132440,stackedensemble,0.7628163023952906,28018.044076886017,5707.0636530994025,21.216247423377155,StackedEnsemble,Without social indicators
GBM_grid_1_AutoML_1_20230507_112409_model_31,gbm,0.7628098615423184,28018.42449695532,8092.031677791691,30.082465637227756,GBM,All predictors
GBM_grid_1_AutoML_2_20230507_122424_model_24,gbm,0.7626971839125942,28025.078809883045,8435.080691931613,31.35776467097614,GBM,Without retrofit
GBM_grid_1_AutoML_3_20230507_132440_model_29,gbm,0.7626840272969437,28025.855686630843,7615.679499362231,28.31160652428698,GBM,Without social indicators
StackedEnsemble_BestOfFamily_1_AutoML_1_20230507_112409,stackedensemble,0.7615247520762269,28094.224660529704,7618.143714087391,28.320767345418695,StackedEnsemble,All predictors
XGBoost_grid_1_AutoML_1_20230507_112409_model_28,xgboost,0.7606819324941309,28143.826199380084,7281.49190914628,27.069250203976235,XGBoost,All predictors
XGBoost_grid_1_AutoML_4_20230507_142453_model_16,xgboost,0.7600570644615974,28180.54451512656,8452.5414652052,31.422675824678574,XGBoost,Without stand alone
XGBoost_grid_1_AutoML_2_20230507_122424_model_23,xgboost,0.7598685590620438,28191.61202551942,8318.981916124945,30.926162624321595,XGBoost,Without retrofit
GBM_grid_1_AutoML_3_20230507_132440_model_24,gbm,0.7575080646179657,28329.835085494535,8305.88307484776,30.877467134944077,GBM,Without social indicators
GBM_grid_1_AutoML_1_20230507_112409_model_39,gbm,0.7570902069383596,28354.233306894763,7191.913604550707,26.736239116385825,GBM,All predictors
GBM_grid_1_AutoML_2_20230507_122424_model_39,gbm,0.7568515134036566,28368.160926440898,7201.245991344095,26.770932653955125,GBM,Without retrofit
GBM_grid_1_AutoML_4_20230507_142453_model_24,gbm,0.7559083078878526,28423.129616435344,8990.9238482931,33.424134813448916,GBM,Without stand alone
XGBoost_1_AutoML_1_20230507_112409,xgboost,0.7526151403840435,28614.22282654789,7752.529952958906,28.82035379959232,XGBoost,All predictors
GBM_grid_1_AutoML_2_20230507_122424_model_31,gbm,0.752020427245796,28648.596472510395,8044.305268488401,29.90504071787224,GBM,Without retrofit
XGBoost_grid_1_AutoML_4_20230507_142453_model_23,xgboost,0.7518733934842472,28657.08847578831,8552.34720043094,31.793707812673205,XGBoost,Without stand alone
GBM_grid_1_AutoML_1_20230507_112409_model_4,gbm,0.7501930956884748,28753.95675769239,7532.937627481056,28.00401016076105,GBM,All predictors
GBM_grid_1_AutoML_2_20230507_122424_model_4,gbm,0.7476541507413093,28899.70963814246,7790.954403351142,28.963198298301606,GBM,Without retrofit
GBM_grid_1_AutoML_4_20230507_142453_model_39,gbm,0.7475488013734024,28905.741535351954,7407.310760471563,27.536987037223682,GBM,Without stand alone
GBM_grid_1_AutoML_1_20230507_112409_model_38,gbm,0.7472662544905526,28921.912865238966,8279.503238603393,30.779398992240832,GBM,All predictors
GBM_grid_1_AutoML_4_20230507_142453_model_31,gbm,0.7444349821163372,29083.46184061397,8274.121556272488,30.759392363468702,GBM,Without stand alone
GBM_grid_1_AutoML_1_20230507_112409_model_25,gbm,0.7426306880994211,29185.94617766759,7336.135102393695,27.27238855644773,GBM,All predictors
DeepLearning_grid_3_AutoML_2_20230507_122424_model_1,deeplearning,0.7421990541133141,29210.409795224354,9019.699922665237,33.531111071444776,DeepLearning,Without retrofit
GBM_grid_1_AutoML_3_20230507_132440_model_11,gbm,0.7411197861053718,29271.489738692344,8444.837051325472,31.39403434439026,GBM,Without social indicators
XGBoost_grid_1_AutoML_3_20230507_132440_model_26,xgboost,0.7374992577020897,29475.464950743277,7535.900063688684,28.0150231410566,XGBoost,Without social indicators
GBM_grid_1_AutoML_1_20230507_112409_model_20,gbm,0.7336467468552634,29690.97089554681,8398.124848886137,31.220379781398726,GBM,All predictors
GBM_grid_1_AutoML_2_20230507_122424_model_25,gbm,0.7329029938766656,29732.395870735203,7328.063602194412,27.24238241743913,GBM,Without retrofit
GBM_grid_1_AutoML_4_20230507_142453_model_25,gbm,0.732582910436933,29750.20587577696,7641.751979908164,28.40853205934796,GBM,Without stand alone
XGBoost_grid_1_AutoML_3_20230507_132440_model_12,xgboost,0.7292523002532434,29934.89811375014,7890.01548221064,29.331461995162318,XGBoost,Without social indicators
GBM_grid_1_AutoML_2_20230507_122424_model_38,gbm,0.7291225225596192,29942.071612574717,8348.499255042783,31.035894564216893,GBM,Without retrofit
GBM_grid_1_AutoML_2_20230507_122424_model_49,gbm,0.7284302536886325,29980.307972847593,7605.297169304972,28.273009778794872,GBM,Without retrofit
GBM_grid_1_AutoML_4_20230507_142453_model_4,gbm,0.7275858647950109,30026.880523750922,7995.139336217067,29.722264311777106,GBM,Without stand alone
GBM_grid_1_AutoML_3_20230507_132440_model_36,gbm,0.7269242581410589,30063.3212476045,7762.916572691376,28.858966492131145,GBM,Without social indicators
DeepLearning_grid_3_AutoML_3_20230507_132440_model_1,deeplearning,0.7253244697553427,30151.254209884974,9538.558873772106,35.459990886643425,DeepLearning,Without social indicators
GBM_grid_1_AutoML_4_20230507_142453_model_38,gbm,0.7221445714165373,30325.2814064622,8631.001534940642,32.08610858534947,GBM,Without stand alone
GBM_grid_1_AutoML_1_20230507_112409_model_11,gbm,0.7213863989816724,30366.626881942862,8676.41868930611,32.25494875305291,GBM,All predictors
GBM_grid_1_AutoML_3_20230507_132440_model_20,gbm,0.7204162176556803,30419.45189044407,8319.701791848296,30.928838792380876,GBM,Without social indicators
GBM_grid_1_AutoML_4_20230507_142453_model_11,gbm,0.71989171602823665,30447.97209992334,8915.258574483192,33.142845998729506,GBM,Without stand alone
GBM_grid_1_AutoML_4_20230507_142453_model_20,gbm,0.7186783432586779,30513.84808337615,8682.401824677481,32.27719130861607,GBM,Without stand alone
GBM_grid_1_AutoML_2_20230507_122424_model_11,gbm,0.7168926905042754,30610.536245103238,8675.2136758491215,32.250469065212364,GBM,Without retrofit
GBM_grid_1_AutoML_1_20230507_112409_model_29,gbm,0.7163362685104439,30640.602609254984,7830.008567692436,29.10838378490962,GBM,All predictors
GBM_grid_1_AutoML_2_20230507_122424_model_20,gbm,0.7140863303795649,30761.87877194584,8485.037133050115,31.54347982671755,GBM,Without retrofit
GBM_grid_1_AutoML_4_20230507_142453_model_36,gbm,0.7138214346455531,30776.125736640584,8163.575498634641,30.34843277845518,GBM,Without stand alone
GBM_grid_1_AutoML_4_20230507_142453_model_29,gbm,0.7134936694367271,30793.74490496918,8196.319654108813,30.47016054363128,GBM,Without stand alone
GBM_grid_1_AutoML_2_20230507_122424_model_36,gbm,0.7130739186600663,30816.294088312243,7891.016943637541,29.335184969831886,GBM,Without retrofit
GBM_grid_1_AutoML_1_20230507_112409_model_36,gbm,0.7106146435771783,30948.07723623399,7898.088684112877,29.3614744603227,GBM,All predictors
GBM_grid_1_AutoML_2_20230507_122424_model_29,gbm,0.7039300787816658,31303.47423078628,7896.3446326588555,29.354990876221176,GBM,Without retrofit
XGBoost_grid_1_AutoML_4_20230507_142453_model_30,xgboost,0.6810348573903275,32491.29407364621,8589.34251001679,31.931239420762342,XGBoost,Without stand alone
GBM_grid_1_AutoML_2_20230507_122424_model_27,gbm,0.6653531319114825,33280.4185056019,7844.852637056428,29.163567232570166,GBM,Without retrofit
GBM_grid_1_AutoML_3_20230507_132440_model_27,gbm,0.6626098594387095,33416.54844584515,7699.5581319481,28.62342884319697,GBM,Without social indicators
GBM_grid_1_AutoML_4_20230507_142453_model_27,gbm,0.65907103573145,33591.34134258895,8097.612930720553,30.103214178030672,GBM,Without stand alone
GBM_grid_1_AutoML_1_20230507_112409_model_27,gbm,0.6556100838812757,33761.41262722929,7807.928712606108,29.026301001702976,GBM,All predictors
GBM_grid_1_AutoML_3_20230507_132440_model_51,gbm,0.6471484409352775,34173.65391252625,9969.004782204547,37.06019152409791,GBM,Without social indicators
GBM_grid_1_AutoML_1_20230507_112409_model_30,gbm,0.6412304842633803,34459.03916952105,8479.888528212785,31.52433967325971,GBM,All predictors
GBM_1_AutoML_3_20230507_132440,gbm,0.6407461006671764,34482.293323674414,7787.460292747104,28.950208796237852,GBM,Without social indicators
DeepLearning_grid_1_AutoML_4_20230507_142453_model_4,deeplearning,0.6398201650020348,34526.70180302094,11761.222903330508,43.72283722173584,DeepLearning,Without stand alone
DeepLearning_grid_1_AutoML_2_20230507_122424_model_4,deeplearning,0.6389085369733882,34570.368347895426,11735.82979086218,43.62843726586972,DeepLearning,Without retrofit
GBM_grid_1_AutoML_2_20230507_122424_model_30,gbm,0.6388188181353311,34574.66285629532,8405.271756231394,31.246948707866995,GBM,Without retrofit
GBM_grid_1_AutoML_3_20230507_132440_model_30,gbm,0.6377697666470227,34624.83753941342,8468.976970868061,31.483775503229065,GBM,Without social indicators
GBM_1_AutoML_4_20230507_142453,gbm,0.6354600568579625,34735.052313114335,8141.3372712407,30.265761239582307,GBM,Without stand alone
GBM_1_AutoML_2_20230507_122424,gbm,0.6346929941363679,34771.577751510595,7921.407481141668,29.448163061931282,GBM,Without retrofit
GBM_grid_1_AutoML_4_20230507_142453_model_30,gbm,0.6337084026320997,34818.405162526375,8651.420422934129,32.16201665403638,GBM,Without stand alone
DeepLearning_grid_1_AutoML_3_20230507_132440_model_4,deeplearning,0.6298689211268311,35000.41333031676,10294.665906725559,38.270850352173305,DeepLearning,Without social indicators
GBM_grid_1_AutoML_3_20230507_132440_model_19,gbm,0.6297886697902737,35004.20749659317,8188.738350493219,30.441976730890236,GBM,Without social indicators
GBM_grid_1_AutoML_2_20230507_122424_model_16,gbm,0.6283765433762654,35070.90361732431,8420.199128250548,31.302441836626333,GBM,Without retrofit
GBM_1_AutoML_1_20230507_112409,gbm,0.6281333091463643,35082.379008214775,7885.506377767889,29.314699211123052,GBM,All predictors
GBM_grid_1_AutoML_1_20230507_112409_model_14,gbm,0.6279045365882923,35093.16869680986,8729.373598916383,32.45181084061066,GBM,All predictors
GBM_grid_1_AutoML_1_20230507_112409_model_19,gbm,0.6278387652787746,35096.27008059538,8304.747343077164,30.873245004665495,GBM,All predictors
GBM_grid_1_AutoML_3_20230507_132440_model_6,gbm,0.6260039804080304,35182.67743226638,8446.85941628442,31.40155257056706,GBM,Without social indicators
GBM_grid_1_AutoML_1_20230507_112409_model_16,gbm,0.6231429622611295,35316.99237232823,8279.238110453765,30.77841336727442,GBM,All predictors
GBM_grid_1_AutoML_3_20230507_132440_model_16,gbm,0.6225676943579201,35343.9375832622,8237.917931791562,30.62480387781317,GBM,Without social indicators
GBM_grid_1_AutoML_4_20230507_142453_model_14,gbm,0.6225199349527928,35346.17368230952,9117.916712260041,33.8962360877115,GBM,Without stand alone
GBM_grid_1_AutoML_3_20230507_132440_model_14,gbm,0.6201262470707877,35458.06568642163,8595.4591818015,31.953978403517773,GBM,Without social indicators
GBM_grid_1_AutoML_2_20230507_122424_model_19,gbm,0.619531019438539,35485.83459536027,8308.766632607374,30.888186881315637,GBM,Without retrofit
GBM_grid_1_AutoML_4_20230507_142453_model_16,gbm,0.6189006148356717,35515.22092618162,8696.20247463981,32.32849580108395,GBM,Without stand alone
GBM_grid_1_AutoML_2_20230507_122424_model_48,gbm,0.6188877681862701,35515.81952036005,8356.033466869267,31.063903311265644,GBM,Without retrofit
GBM_grid_1_AutoML_1_20230507_112409_model_6,gbm,0.6167772595910546,35614.022818150435,8436.848694365332,31.364337293844734,GBM,All predictors
GBM_grid_1_AutoML_3_20230507_132440_model_48,gbm,0.6153323193531105,35681.100933363196,8195.305903975352,30.466391885181977,GBM,Without social indicators
GBM_grid_1_AutoML_4_20230507_142453_model_19,gbm,0.6120871482282118,35831.29302976675,8632.617525692725,32.09211609844449,GBM,Without stand alone
GBM_grid_1_AutoML_2_20230507_122424_model_14,gbm,0.6089702967735029,35974.95593917267,8834.15446927522,32.84133810119458,GBM,Without retrofit
GBM_grid_1_AutoML_2_20230507_122424_model_6,gbm,0.5997018676568568,36398.80942367788,8566.214631008415,31.84526056486626,GBM,Without retrofit
GBM_grid_1_AutoML_4_20230507_142453_model_6,gbm,0.5901866507302654,36828.87451144629,8934.1015474131491,33.21289553736692,GBM,Without stand alone
DeepLearning_grid_1_AutoML_1_20230507_112409_model_4,deeplearning,0.5856671231385919,37031.39685123485,11793.141656246298,43.84149651843726,DeepLearning,All predictors
GBM_grid_1_AutoML_1_20230507_112409_model_48,gbm,0.5855814750823489,37035.2240919005,8602.72603830974,31.980993246007795,GBM,All predictors
DeepLearning_grid_2_AutoML_4_20230507_142453_model_2,deeplearning,0.5704040892432541,37707.30257716012,11252.34539038077,41.83106381965172,DeepLearning,Without stand alone
DeepLearning_grid_2_AutoML_1_20230507_112409_model_2,deeplearning,0.5423027674581524,38921.04926133237,11145.008662408747,41.432035051673395,DeepLearning,All predictors
XGBoost_grid_1_AutoML_1_20230507_112409_model_31,xgboost,0.52170480580615,39787.202576161486,14040.839734710851,52.19740797561104,XGBoost,All predictors
GBM_grid_1_AutoML_4_20230507_142453_model_48,gbm,0.5052977668096887,40463.86210274897,9747.526377051252,36.23683630532173,GBM,Without stand alone
XGBoost_grid_1_AutoML_2_20230507_122424_model_32,xgboost,0.4500387196918756,42663.988508482136,13694.866933699206,50.911239642087104,XGBoost,Without retrofit
GBM_grid_1_AutoML_2_20230507_122424_model_50,gbm,0.3352215979481331,46906.58840746629,14835.22658103785,55.15057424569406,GBM,Without retrofit
XGBoost_grid_1_AutoML_3_20230507_132440_model_27,xgboost,0.27924688158377886,48841.462688089334,19016.49253768613,70.69460502429182,XGBoost,Without social indicators
GBM_grid_1_AutoML_1_20230507_112409_model_49,gbm,0.12683650694439608,53758.009700085786,17483.4073313927,64.99529675739065,GBM,All predictors
GBM_grid_1_AutoML_4_20230507_142453_model_49,gbm,0.12530363810130585,53805.17603533669,17458.04969608641,64.90102868935573,GBM,Without stand alone
GBM_grid_1_AutoML_3_20230507_132440_model_52,gbm,0.09162971352565719,54831.08708999291,17569.684814920336,65.31603690483837,GBM,Without social indicators
GLM_1_AutoML_1_20230507_112409,glm,2.3458898436024e-6,57530.06796967882,19044.49475327297,70.79870442994161,GLM,All predictors
GLM_1_AutoML_2_20230507_122424,glm,2.345860506958175e-6,57530.067970522694,19044.494759827383,70.79870445430791,GLM,Without retrofit
GLM_1_AutoML_4_20230507_142453,glm,2.3424427403329062e-6,57530.06806883509,19044.495098523374,70.7987057134244,GLM,Without stand alone
GLM_1_AutoML_3_20230507_132440,glm,2.283246645640169e-6,57530.069771616734,19044.49686848377,70.79871229332608,GLM,Without social indicators
